{
  "selection_metric": "pr_auc",
  "best_score": 0.5296999290698743,
  "val_metrics": {
    "auc": 0.8327350099953315,
    "pr_auc": 0.5296999290698743,
    "precision": 0.41241830065359475,
    "recall": 0.9079136690647482,
    "f1": 0.5671910112359551,
    "brier": 0.1320788164964648,
    "threshold": 0.1716245412826538
  },
  "val_artifacts": {
    "thresholding": {
      "enabled": true,
      "config": {
        "method": "precision_at_recall",
        "min_recall": 0.9,
        "fallback_threshold": 0.6
      },
      "selected_threshold": 0.1716245412826538,
      "meta": {
        "precision": 0.41241830065359475,
        "recall": 0.9079136690647482,
        "f1": 0.5671910112359552
      }
    },
    "calibration": {
      "enabled": true,
      "method": "platt",
      "a": 2.0228196902407074,
      "b": 0.9563988493311306,
      "max_iter": 200,
      "lr": 0.01
    }
  },
  "epoch": 21
}