{
  "threshold": 0.009733318351209164,
  "method": "precision_at_recall",
  "min_recall": 0.9,
  "val_metrics_at_threshold": {
    "precision": 0.08613728129205922,
    "recall": 0.9014084507042254,
    "f1": 0.15724815724815724
  }
}