{
  "roc_auc": 0.6514459665144596,
  "pr_auc": 0.1395856076290859,
  "brier": 0.12575573400903706,
  "accuracy": 0.8387096774193549,
  "n_samples": 155,
  "n_pos": 9,
  "n_neg": 146
}