bin,lower,upper,n,mean_pred,frac_pos,gap
0,0.0,0.1,2446,0.01940719219796634,0.027800490596892886,0.008393298398926545
1,0.1,0.2,153,0.13960131481776827,0.1437908496732026,0.004189534855434329
2,0.2,0.30000000000000004,44,0.23548968949101184,0.25,0.014510310508988156
3,0.30000000000000004,0.4,20,0.34535200595855714,0.15,0.19535200595855715
4,0.4,0.5,16,0.4332969654351473,0.6875,0.2542030345648527
