{
  "epochs": 30,
  "seed": 1337,
  "without_adt": {
    "full": {
      "roc_auc": 0.5989345509893456,
      "pr_auc": 0.44808808475607576,
      "brier": 0.045452472587931426,
      "n": 155,
      "n_pos": 9
    },
    "adt_covered": {
      "roc_auc": 0.17753623188405798,
      "pr_auc": 0.041272303741045055,
      "brier": 0.056135210719050296,
      "n": 73,
      "n_pos": 4
    },
    "adt_uncovered": {
      "roc_auc": 0.9688311688311688,
      "pr_auc": 0.7857142857142856,
      "brier": 0.03594223010534999,
      "n": 82,
      "n_pos": 5
    }
  },
  "with_adt": {
    "full": {
      "roc_auc": 0.578386605783866,
      "pr_auc": 0.366247238553126,
      "brier": 0.05337693055549555,
      "n": 155,
      "n_pos": 9
    },
    "adt_covered": {
      "roc_auc": 0.15579710144927536,
      "pr_auc": 0.04050669529232104,
      "brier": 0.054893559013313345,
      "n": 73,
      "n_pos": 4
    },
    "adt_uncovered": {
      "roc_auc": 0.8753246753246753,
      "pr_auc": 0.6145833333333333,
      "brier": 0.05202676131865779,
      "n": 82,
      "n_pos": 5
    }
  },
  "n_covered_test": 73,
  "n_total_test": 155
}